id,first_name,last_name,email,gender,ip_address
1,Genovera,Cracknall,gcracknall0@google.com.br,Male,117.172.229.186
2,Perren,Coaster,pcoaster1@ft.com,Genderfluid,76.131.177.74
3,Leia,Yerrall,lyerrall2@mlb.com,Polygender,86.179.89.224
4,Benson,Colclough,bcolclough3@sbwire.com,Non-binary,216.47.26.135
5,Kennett,Fassam,kfassam4@java.com,Male,179.167.239.65
6,Loria,Lennon,llennon5@mysql.com,Female,38.15.99.87
7,Ora,Sibbson,osibbson6@dmoz.org,Agender,170.239.182.128
8,Gabrila,Farmery,gfarmery7@statcounter.com,Bigender,242.38.115.241
9,Elka,Mathie,emathie8@va.gov,Genderfluid,96.127.177.95
10,Maje,Marcam,mmarcam9@github.io,Genderfluid,21.21.154.155
11,Padriac,Colling,pcollinga@aboutads.info,Male,126.150.249.9
12,Neila,Grestie,ngrestieb@oakley.com,Genderfluid,144.132.250.129
13,Aubry,Poli,apolic@reference.com,Male,98.236.245.38
14,Angie,Moss,amossd@google.co.jp,Genderqueer,235.197.226.214
15,Clemente,Berth,cberthe@google.com,Female,158.246.155.217
16,Ab,O'Crowley,aocrowleyf@yandex.ru,Non-binary,216.8.80.175
17,Tait,Blabber,tblabberg@umn.edu,Non-binary,206.98.58.234
18,Haleigh,Kellog,hkellogh@com.com,Male,223.104.97.86
19,Waverly,Blunderfield,wblunderfieldi@blogs.com,Polygender,162.105.216.213
20,Benetta,Shoutt,bshouttj@craigslist.org,Non-binary,111.148.155.168
21,Thibaut,Allberry,tallberryk@virginia.edu,Agender,137.59.109.143
22,Josephine,Braferton,jbrafertonl@php.net,Polygender,203.63.76.93
23,Zack,Yter,zyterm@alibaba.com,Female,121.172.187.14
24,Prince,Cripps,pcrippsn@cnbc.com,Female,153.29.210.146
25,Priscilla,Quinell,pquinello@360.cn,Genderqueer,177.167.160.38
26,Boonie,Paddell,bpaddellp@meetup.com,Polygender,159.235.184.15
27,Dicky,Ramiro,dramiroq@hao123.com,Genderfluid,92.34.7.229
28,Sawyer,Wilding,swildingr@bravesites.com,Bigender,80.28.240.216
29,Corabella,Kopfer,ckopfers@accuweather.com,Polygender,53.19.134.86
30,Dolli,Cathel,dcathelt@economist.com,Genderqueer,195.243.71.89
31,Yetta,Cram,ycramu@shutterfly.com,Agender,4.165.60.169
32,Tommie,Popland,tpoplandv@desdev.cn,Genderfluid,203.26.88.39
33,Spencer,Simkin,ssimkinw@zimbio.com,Agender,252.134.239.110
34,Gasparo,Ghiroldi,gghiroldix@epa.gov,Bigender,33.33.18.34
35,Ber,Kynsey,bkynseyy@netscape.com,Female,194.41.192.9
36,Tish,McNiff,tmcniffz@weibo.com,Non-binary,181.213.218.3
37,Juditha,Meth,jmeth10@who.int,Polygender,88.109.43.169
38,Ruddie,Cobden,rcobden11@live.com,Genderfluid,170.191.212.68
39,Patsy,Pierce,ppierce12@blogtalkradio.com,Non-binary,74.221.29.144
40,Minor,Drewitt,mdrewitt13@google.es,Genderfluid,185.198.223.60
41,Mirella,Volkers,mvolkers14@zimbio.com,Genderqueer,190.56.55.253
42,Perren,Guiet,pguiet15@nba.com,Genderfluid,44.234.246.57
43,Abelard,Arnaldy,aarnaldy16@dagondesign.com,Genderfluid,177.85.74.232
44,Annabelle,Cudby,acudby17@plala.or.jp,Bigender,115.164.56.109
45,Kristal,MacIlurick,kmacilurick18@paginegialle.it,Non-binary,100.245.58.146
46,Fiona,Tylor,ftylor19@fda.gov,Polygender,55.171.158.250
47,Selena,Yerrell,syerrell1a@dailymotion.com,Agender,159.226.179.31
48,Mela,Mohamed,mmohamed1b@pagesperso-orange.fr,Bigender,54.228.254.177
49,Benedict,Van Der Hoog,bvanderhoog1c@wikipedia.org,Agender,214.15.54.211
50,Harold,Praundl,hpraundl1d@google.co.jp,Genderfluid,42.28.75.120
51,Shea,Copley,scopley1e@yolasite.com,Genderqueer,218.130.248.109
52,Arvie,Shoobridge,ashoobridge1f@list-manage.com,Agender,131.173.4.219
53,Rosamund,Coomer,rcoomer1g@arstechnica.com,Non-binary,43.66.220.150
54,Katlin,Cretney,kcretney1h@deviantart.com,Genderqueer,28.194.245.182
55,Greg,Chennells,gchennells1i@slashdot.org,Agender,40.247.193.230
56,Tiffie,Rosin,trosin1j@yale.edu,Genderqueer,132.180.6.196
57,Maurine,Torbard,mtorbard1k@lycos.com,Agender,9.231.45.46
58,Darren,Palffy,dpalffy1l@addtoany.com,Genderqueer,37.249.42.26
59,Sanders,Zoanetti,szoanetti1m@addtoany.com,Genderfluid,27.104.228.99
60,Grace,Pinches,gpinches1n@cnbc.com,Agender,193.1.209.27
61,Cele,Langdale,clangdale1o@intel.com,Non-binary,161.99.63.86
62,Ed,Cardenoza,ecardenoza1p@mlb.com,Male,29.49.191.93
63,Marge,Growcock,mgrowcock1q@symantec.com,Female,109.89.124.220
64,Neil,Staddon,nstaddon1r@gov.uk,Female,181.167.105.6
65,Frankie,MacQuist,fmacquist1s@qq.com,Male,82.150.32.88
66,Kristen,Whitty,kwhitty1t@eventbrite.com,Male,78.93.117.168
67,Lyssa,Ringe,lringe1u@icq.com,Bigender,158.40.205.143
68,Carlie,Braz,cbraz1v@multiply.com,Male,124.93.143.145
69,Norbert,Johncey,njohncey1w@msu.edu,Female,92.243.139.138
70,Cort,Riceards,criceards1x@cdc.gov,Genderqueer,56.103.8.109
71,Bennie,Garaghan,bgaraghan1y@w3.org,Agender,79.5.42.37
72,Nester,Breming,nbreming1z@livejournal.com,Non-binary,11.210.248.217
73,Dell,Lampe,dlampe20@github.com,Male,169.247.232.198
74,Emilia,Storck,estorck21@unicef.org,Male,182.137.145.237
75,Eamon,Camocke,ecamocke22@miitbeian.gov.cn,Agender,99.41.238.116
76,Maddy,Drever,mdrever23@phoca.cz,Polygender,117.117.4.245
77,Leola,Pigott,lpigott24@guardian.co.uk,Male,169.254.47.20
78,Rozalie,Tripony,rtripony25@irs.gov,Polygender,170.43.57.150
79,Nola,Leeburne,nleeburne26@dmoz.org,Polygender,37.98.153.187
80,Tommy,Ketchell,tketchell27@imdb.com,Non-binary,109.14.120.154
81,Mickie,Doge,mdoge28@1und1.de,Polygender,58.250.209.160
82,Clarinda,Kennewell,ckennewell29@yahoo.co.jp,Male,161.213.243.131
83,Gerrie,Balog,gbalog2a@newsvine.com,Bigender,51.26.128.143
84,Roth,Hymus,rhymus2b@chron.com,Non-binary,106.50.25.118
85,Adler,Cod,acod2c@cbc.ca,Bigender,83.183.133.181
86,Denver,O'Lagene,dolagene2d@histats.com,Bigender,250.217.136.137
87,Annis,Cowins,acowins2e@networksolutions.com,Genderqueer,100.86.228.179
88,Darnall,Hinrich,dhinrich2f@disqus.com,Polygender,250.247.37.16
89,Christopher,Litchfield,clitchfield2g@about.com,Male,122.55.29.140
90,Bari,Greep,bgreep2h@unblog.fr,Bigender,188.69.209.228
91,Myrle,Megson,mmegson2i@usda.gov,Female,181.251.184.145
92,Daune,Papa,dpapa2j@uol.com.br,Female,104.83.126.111
93,Madonna,Lambal,mlambal2k@thetimes.co.uk,Bigender,51.19.192.202
94,Gerri,Hagwood,ghagwood2l@wunderground.com,Polygender,225.182.71.16
95,Terrijo,Pilling,tpilling2m@typepad.com,Genderqueer,108.211.10.46
96,Emmett,Rottger,erottger2n@shinystat.com,Bigender,209.195.0.94
97,Shanda,Lamartine,slamartine2o@deviantart.com,Polygender,174.154.6.156
98,Rosemarie,Doogue,rdoogue2p@youku.com,Female,66.94.225.86
99,Tiffanie,Davall,tdavall2q@dot.gov,Female,225.131.89.65
100,Iorgos,Woodhams,iwoodhams2r@scribd.com,Polygender,140.231.237.241
101,Arlan,Crilley,acrilley2s@hexun.com,Agender,7.115.96.154
102,Rickie,Phizackarley,rphizackarley2t@eepurl.com,Genderqueer,213.43.91.234
103,Thorin,Leggate,tleggate2u@histats.com,Non-binary,105.132.71.34
104,Edeline,Saket,esaket2v@house.gov,Non-binary,159.68.111.55
105,Nicola,Golling,ngolling2w@wsj.com,Bigender,165.253.67.131
106,Abbey,Thrussell,athrussell2x@etsy.com,Male,195.103.168.217
107,Irina,Bushell,ibushell2y@newyorker.com,Male,190.75.224.63
108,Giuseppe,Leadbeatter,gleadbeatter2z@bbb.org,Male,141.144.158.32
109,Amara,Refford,arefford30@alexa.com,Male,186.71.68.46
110,Aube,Wisniewski,awisniewski31@ucoz.ru,Female,108.131.128.136
111,Gallard,Keddy,gkeddy32@bing.com,Male,205.193.56.46
112,Frieda,Bourke,fbourke33@about.me,Female,53.217.172.114
113,Morgen,Stallan,mstallan34@army.mil,Agender,228.110.150.190
114,Annabal,Pawlata,apawlata35@feedburner.com,Non-binary,53.177.30.172
115,Wren,Kelling,wkelling36@weibo.com,Non-binary,52.162.6.29
116,Allyce,Goracci,agoracci37@smugmug.com,Polygender,188.30.120.24
117,Kile,Pabelik,kpabelik38@dmoz.org,Male,222.176.91.199
118,Dalenna,Hearsum,dhearsum39@elegantthemes.com,Female,234.221.235.93
119,Jess,Oxtaby,joxtaby3a@nyu.edu,Bigender,214.153.229.238
120,Zolly,MacDiarmid,zmacdiarmid3b@wired.com,Male,101.55.195.48
121,Ash,Heinreich,aheinreich3c@dmoz.org,Male,150.241.66.164
122,Lauralee,Showalter,lshowalter3d@indiatimes.com,Polygender,54.62.175.221
123,Malissia,Vercruysse,mvercruysse3e@boston.com,Bigender,170.122.36.246
124,Trisha,Dilon,tdilon3f@about.com,Genderfluid,11.213.62.225
125,Walther,Parish,wparish3g@nba.com,Agender,253.142.235.145
126,Jessi,La Croce,jlacroce3h@marriott.com,Genderqueer,91.241.100.217
127,Lanny,Vooght,lvooght3i@delicious.com,Non-binary,215.117.48.117
128,Thomasina,Dibsdale,tdibsdale3j@scribd.com,Female,72.205.192.246
129,Elnora,Birden,ebirden3k@spiegel.de,Genderfluid,15.92.205.89
130,Loydie,Fawdery,lfawdery3l@alexa.com,Non-binary,2.0.162.253
131,Sarene,Glaserman,sglaserman3m@earthlink.net,Non-binary,134.140.7.132
132,Cesya,Jagger,cjagger3n@tripod.com,Genderfluid,175.253.233.38
133,Fredek,Dorre,fdorre3o@netvibes.com,Agender,175.165.250.188
134,Gus,Gosforth,ggosforth3p@dropbox.com,Bigender,232.216.49.192
135,Camilla,Attfield,cattfield3q@squarespace.com,Non-binary,99.159.148.23
136,Trefor,Crevy,tcrevy3r@howstuffworks.com,Bigender,242.231.217.30
137,Torr,O'Heyne,toheyne3s@plala.or.jp,Genderfluid,244.5.14.67
138,Brod,Ramalho,bramalho3t@cornell.edu,Non-binary,78.249.237.16
139,Karil,O'Logan,kologan3u@fotki.com,Agender,215.210.192.94
140,Arnie,Scamwell,ascamwell3v@disqus.com,Bigender,34.185.168.178
141,Judie,O'Shesnan,joshesnan3w@wired.com,Male,250.124.57.127
142,Cordelia,Lemanu,clemanu3x@walmart.com,Male,118.240.53.134
143,Johnathan,Gatecliffe,jgatecliffe3y@barnesandnoble.com,Non-binary,102.42.199.24
144,Wrennie,Mainson,wmainson3z@jigsy.com,Male,144.141.188.184
145,Loralie,Gunthorp,lgunthorp40@t.co,Polygender,172.136.171.220
146,Steve,Guidetti,sguidetti41@eventbrite.com,Non-binary,144.189.169.90
147,Derron,Kyle,dkyle42@t.co,Non-binary,250.104.241.169
148,Stormy,Peak,speak43@oakley.com,Female,200.126.21.225
149,Blondie,Leblanc,bleblanc44@disqus.com,Genderfluid,156.163.84.152
150,Fredra,Mullally,fmullally45@cisco.com,Bigender,30.251.23.108
151,Terrel,Debrick,tdebrick46@hc360.com,Polygender,253.65.215.140
152,Gaye,Macellar,gmacellar47@ucla.edu,Agender,30.52.133.81
153,Claudette,Leicester,cleicester48@loc.gov,Non-binary,209.91.97.58
154,Dory,Delooze,ddelooze49@indiegogo.com,Bigender,149.170.37.137
155,Sheila-kathryn,Peterson,speterson4a@businesswire.com,Male,171.154.128.163
156,Maynord,Haseldine,mhaseldine4b@pinterest.com,Male,222.191.1.149
157,Eveleen,Steuart,esteuart4c@uol.com.br,Male,207.240.158.148
158,Estell,Raynton,eraynton4d@amazon.co.jp,Male,176.73.125.186
159,Afton,McWard,amcward4e@shareasale.com,Genderqueer,170.52.3.203
160,Ingaborg,Amer,iamer4f@bing.com,Bigender,184.226.211.170
161,Tammie,Turbill,tturbill4g@nifty.com,Non-binary,164.69.188.100
162,Estevan,Waterhouse,ewaterhouse4h@alibaba.com,Male,96.84.104.235
163,Taite,Koles,tkoles4i@earthlink.net,Non-binary,44.128.86.158
164,Randee,Brownlee,rbrownlee4j@histats.com,Male,165.64.69.107
165,Angus,Westnedge,awestnedge4k@free.fr,Bigender,154.219.205.226
166,Alexandra,Fadell,afadell4l@jalbum.net,Male,85.10.198.81
167,Francisca,Inkles,finkles4m@loc.gov,Non-binary,79.90.28.107
168,Cecilla,Timbs,ctimbs4n@google.nl,Non-binary,118.161.1.17
169,Alistair,Capell,acapell4o@t-online.de,Male,212.211.186.7
170,Pippa,Wilde,pwilde4p@ning.com,Agender,92.149.174.34
171,Susette,Shorland,sshorland4q@nba.com,Genderfluid,107.120.212.9
172,Vally,Mebes,vmebes4r@patch.com,Genderfluid,217.246.215.215
173,Esdras,Simkovitz,esimkovitz4s@shop-pro.jp,Agender,16.46.123.99
174,Elbert,Adamo,eadamo4t@jugem.jp,Agender,255.218.247.253
175,Clarance,Aleveque,caleveque4u@pcworld.com,Agender,36.95.77.29
176,Dorette,Cristoforo,dcristoforo4v@chronoengine.com,Bigender,235.19.197.133
177,Hilde,Branscomb,hbranscomb4w@wp.com,Polygender,121.193.242.63
178,Cliff,Carrane,ccarrane4x@ibm.com,Non-binary,112.222.146.79
179,Farrel,Gifkins,fgifkins4y@google.de,Genderfluid,205.61.128.35
180,Bobbi,Couche,bcouche4z@delicious.com,Agender,181.48.70.243
181,Yorgo,Clash,yclash50@timesonline.co.uk,Non-binary,105.109.207.102
182,Ced,Thewys,cthewys51@is.gd,Bigender,2.159.219.198
183,Breanne,Abrahamson,babrahamson52@tinypic.com,Genderqueer,130.232.219.77
184,Sayre,Rawlings,srawlings53@twitpic.com,Agender,238.90.177.151
185,Emelina,Hefforde,ehefforde54@meetup.com,Genderfluid,44.245.46.100
186,Hyacintha,Vasilyev,hvasilyev55@miibeian.gov.cn,Genderqueer,160.153.59.89
187,Arleen,Seywood,aseywood56@biglobe.ne.jp,Genderqueer,217.212.217.105
188,Gennifer,Fetters,gfetters57@themeforest.net,Genderqueer,48.223.126.14
189,Vanda,Carass,vcarass58@reverbnation.com,Male,201.62.24.137
190,Gunner,Corss,gcorss59@skype.com,Polygender,119.79.124.54
191,Louis,Rangell,lrangell5a@clickbank.net,Male,54.64.62.224
192,Cobb,McTear,cmctear5b@webeden.co.uk,Genderqueer,143.219.7.19
193,Rowney,Collicott,rcollicott5c@java.com,Male,168.56.187.37
194,Sully,Hubberstey,shubberstey5d@netvibes.com,Genderqueer,85.193.163.148
195,Ivan,Hovel,ihovel5e@dedecms.com,Agender,116.172.110.48
196,Bar,Mustard,bmustard5f@go.com,Female,124.106.36.52
197,Myranda,Littledyke,mlittledyke5g@businessinsider.com,Female,197.240.92.200
198,Tabbie,Cassimer,tcassimer5h@sakura.ne.jp,Agender,76.203.9.147
199,Lynnet,Haston,lhaston5i@fastcompany.com,Agender,82.89.71.64
200,Dori,Sweett,dsweett5j@redcross.org,Genderqueer,15.193.10.42
201,Rhona,Fetherston,rfetherston5k@xrea.com,Agender,143.8.107.240
202,Tuesday,Madgwich,tmadgwich5l@smh.com.au,Genderfluid,64.128.154.172
203,Ashlen,Manns,amanns5m@netvibes.com,Female,59.228.111.204
204,Granger,Semor,gsemor5n@360.cn,Bigender,230.169.210.140
205,Meta,Cremen,mcremen5o@toplist.cz,Genderqueer,173.212.252.232
206,Darrick,Scotson,dscotson5p@sina.com.cn,Male,167.194.106.195
207,Kit,Crat,kcrat5q@salon.com,Genderfluid,6.143.21.163
208,Lurline,Germaine,lgermaine5r@opera.com,Agender,179.249.178.102
209,Cinderella,Sheringham,csheringham5s@msn.com,Male,66.225.196.161
210,Margette,Wayvill,mwayvill5t@cnbc.com,Polygender,134.246.43.250
211,Alyss,de Almeida,adealmeida5u@hc360.com,Female,155.155.65.221
212,Florance,Gosney,fgosney5v@howstuffworks.com,Agender,236.118.140.248
213,Maje,Heyworth,mheyworth5w@chicagotribune.com,Bigender,103.180.37.87
214,Belia,Meconi,bmeconi5x@slate.com,Agender,30.29.238.28
215,Eveline,Frankel,efrankel5y@paypal.com,Male,204.132.95.82
216,Eula,Ewin,eewin5z@nifty.com,Female,56.255.177.80
217,Pippo,Fowell,pfowell60@upenn.edu,Genderfluid,64.235.221.180
218,Neville,Tenniswood,ntenniswood61@acquirethisname.com,Bigender,65.30.209.83
219,Tanny,Derwin,tderwin62@sciencedaily.com,Bigender,24.172.147.61
220,Lexy,Chart,lchart63@about.me,Male,220.93.172.192
221,Juliann,Drover,jdrover64@google.ru,Genderqueer,185.251.43.204
222,Torey,Rippon,trippon65@blinklist.com,Polygender,102.194.251.56
223,Jimmie,Pownall,jpownall66@ocn.ne.jp,Genderfluid,232.119.192.179
224,Isobel,Saph,isaph67@barnesandnoble.com,Genderqueer,192.231.220.166
225,Arabella,Peinke,apeinke68@rakuten.co.jp,Non-binary,100.199.250.173
226,Kelsy,Ivanyutin,kivanyutin69@google.co.jp,Non-binary,16.211.181.248
227,Kathi,Tiddy,ktiddy6a@amazon.com,Genderqueer,156.102.216.164
228,Nevile,Sturton,nsturton6b@usatoday.com,Bigender,230.145.124.220
229,Tildie,Biskupski,tbiskupski6c@uiuc.edu,Non-binary,136.192.111.64
230,Waylen,Crocetto,wcrocetto6d@wikispaces.com,Agender,195.240.99.51
231,Valentia,Sawford,vsawford6e@chronoengine.com,Non-binary,204.63.214.181
232,Ricca,Marzelo,rmarzelo6f@ning.com,Genderfluid,178.224.65.9
233,Christine,Pedycan,cpedycan6g@reverbnation.com,Polygender,117.206.98.103
234,Nita,Hadwin,nhadwin6h@webnode.com,Bigender,69.48.44.113
235,Chiquita,Woodhams,cwoodhams6i@jalbum.net,Genderfluid,136.159.68.129
236,Mariquilla,Chinge,mchinge6j@hibu.com,Genderfluid,200.247.237.147
237,Obed,Godly,ogodly6k@wired.com,Female,13.148.167.108
238,Emanuele,Meardon,emeardon6l@behance.net,Genderqueer,254.178.236.57
239,Almire,Savine,asavine6m@addtoany.com,Polygender,11.219.71.65
240,Elijah,Evison,eevison6n@xinhuanet.com,Genderqueer,129.184.21.11
241,Hettie,Strangward,hstrangward6o@zdnet.com,Male,121.59.152.116
242,Ravid,Bogace,rbogace6p@multiply.com,Bigender,77.48.32.152
243,Bartholomeus,Pavis,bpavis6q@chicagotribune.com,Polygender,233.69.245.204
244,Robert,Ohm,rohm6r@tripod.com,Agender,126.232.171.57
245,Caryn,Melhuish,cmelhuish6s@printfriendly.com,Female,153.248.92.170
246,Ronny,Bonehill,rbonehill6t@adobe.com,Bigender,97.15.96.173
247,Staford,Cassius,scassius6u@msn.com,Non-binary,16.251.136.108
248,Malinda,Jain,mjain6v@nsw.gov.au,Female,116.85.145.106
249,Felizio,Goldhawk,fgoldhawk6w@adobe.com,Genderfluid,183.151.85.130
250,Patrizius,Bunton,pbunton6x@home.pl,Genderqueer,19.226.111.198
251,Ari,Gentzsch,agentzsch6y@printfriendly.com,Agender,68.187.237.62
252,Louis,Brindley,lbrindley6z@mtv.com,Polygender,224.219.147.208
253,Lamar,Camolli,lcamolli70@wordpress.org,Non-binary,93.129.238.97
254,Ignace,Gritten,igritten71@altervista.org,Non-binary,250.52.172.34
255,Giuseppe,Kolushev,gkolushev72@linkedin.com,Female,228.203.246.163
256,Elaina,Hulmes,ehulmes73@issuu.com,Female,228.90.202.70
257,Marysa,Laxson,mlaxson74@wiley.com,Non-binary,3.222.99.193
258,Hilarius,Trevascus,htrevascus75@ocn.ne.jp,Bigender,88.37.128.228
259,Basilio,Staton,bstaton76@wordpress.com,Genderfluid,140.20.139.227
260,Whitman,Glaze,wglaze77@woothemes.com,Genderfluid,221.154.169.196
261,Phillipp,Broadhead,pbroadhead78@ucla.edu,Non-binary,119.16.241.248
262,Wynne,Canet,wcanet79@ibm.com,Genderqueer,179.9.154.196
263,Wynn,Trippett,wtrippett7a@adobe.com,Polygender,222.173.157.105
264,Fidelio,Fadell,ffadell7b@meetup.com,Female,202.21.214.216
265,Filippa,Brunsdon,fbrunsdon7c@pinterest.com,Agender,174.127.204.182
266,Callie,Ferryman,cferryman7d@chronoengine.com,Male,244.73.34.48
267,Rozina,Schaben,rschaben7e@webeden.co.uk,Bigender,71.168.102.207
268,Christian,Lewton,clewton7f@bandcamp.com,Bigender,64.198.252.25
269,Faye,Mallinson,fmallinson7g@marriott.com,Polygender,195.1.191.111
270,Leona,Synnot,lsynnot7h@artisteer.com,Bigender,152.70.17.146
271,Ruthann,Ballin,rballin7i@nsw.gov.au,Non-binary,187.66.146.100
272,Tibold,Klimshuk,tklimshuk7j@photobucket.com,Genderfluid,162.117.141.178
273,Junina,Whawell,jwhawell7k@amazon.co.jp,Non-binary,113.128.176.113
274,Markus,McCard,mmccard7l@artisteer.com,Bigender,37.249.243.201
275,Trude,McKeowon,tmckeowon7m@bandcamp.com,Genderqueer,245.107.4.31
276,Lammond,Kynastone,lkynastone7n@free.fr,Bigender,37.129.213.224
277,Vin,Dibble,vdibble7o@shutterfly.com,Agender,99.214.49.201
278,Horton,Crow,hcrow7p@cisco.com,Male,65.7.184.26
279,Aleksandr,De Bernardi,adebernardi7q@noaa.gov,Agender,10.34.96.110
280,Wileen,Marquese,wmarquese7r@wired.com,Female,136.237.200.169
281,Morly,Shevels,mshevels7s@aboutads.info,Non-binary,231.142.26.78
282,Idalia,Heineking,iheineking7t@homestead.com,Genderfluid,58.106.93.117
283,Monro,Blesli,mblesli7u@google.com.au,Female,207.184.197.77
284,Dian,Midgely,dmidgely7v@people.com.cn,Female,238.242.47.46
285,Charline,Fawltey,cfawltey7w@cam.ac.uk,Agender,203.150.217.165
286,Ryann,Sapson,rsapson7x@pen.io,Female,20.164.171.60
287,Lurline,Kenwin,lkenwin7y@live.com,Bigender,14.60.137.65
288,Rubina,Spore,rspore7z@parallels.com,Agender,122.195.86.113
289,Ronald,Unsworth,runsworth80@mysql.com,Male,14.240.166.250
290,Brendis,Chillingsworth,bchillingsworth81@wisc.edu,Bigender,117.39.203.118
291,Carilyn,Vaines,cvaines82@mlb.com,Polygender,117.49.61.222
292,Linell,Whalley,lwhalley83@1688.com,Polygender,155.175.40.100
293,Cristina,Campbell-Dunlop,ccampbelldunlop84@reddit.com,Polygender,207.13.72.208
294,Layla,Palke,lpalke85@bbc.co.uk,Polygender,131.254.245.234
295,Ofilia,Fulun,ofulun86@opera.com,Non-binary,105.220.47.129
296,Tomas,Trevethan,ttrevethan87@google.it,Agender,96.81.12.127
297,Floris,Higgoe,fhiggoe88@shop-pro.jp,Agender,238.205.102.135
298,Pinchas,L'Episcopi,plepiscopi89@w3.org,Male,185.183.118.176
299,Elmo,Childe,echilde8a@elegantthemes.com,Female,78.156.164.104
300,Veriee,Alliott,valliott8b@ihg.com,Bigender,90.196.254.72
301,Mechelle,Gurwood,mgurwood8c@indiatimes.com,Non-binary,167.62.107.15
302,Darius,Flores,dflores8d@facebook.com,Male,153.84.170.173
303,Celeste,Harvie,charvie8e@ftc.gov,Agender,73.144.217.75
304,Vern,Moult,vmoult8f@sogou.com,Non-binary,55.98.41.76
305,Tamarra,Gascoyen,tgascoyen8g@google.de,Agender,140.2.108.213
306,Hiram,Mogey,hmogey8h@about.me,Non-binary,40.21.89.192
307,Amalle,Burnand,aburnand8i@cdc.gov,Female,207.181.210.131
308,Annabell,Vivians,avivians8j@trellian.com,Genderfluid,213.202.245.14
309,Katrina,Awcock,kawcock8k@craigslist.org,Genderqueer,60.5.192.22
310,Ernest,Jorge,ejorge8l@state.gov,Male,141.72.132.131
311,Lucia,Mossom,lmossom8m@biblegateway.com,Genderqueer,102.156.207.101
312,Cyrill,Trowell,ctrowell8n@cnbc.com,Male,99.229.56.192
313,Marthena,Rucklesse,mrucklesse8o@un.org,Bigender,90.151.80.145
314,Chloe,Dockrell,cdockrell8p@tinyurl.com,Polygender,96.48.81.253
315,Emelda,Van,evan8q@mail.ru,Polygender,83.225.54.17
316,Kory,Bastistini,kbastistini8r@addthis.com,Female,125.123.146.29
317,Gerry,Secker,gsecker8s@cloudflare.com,Female,178.141.127.217
318,Giraldo,Delatour,gdelatour8t@elegantthemes.com,Genderfluid,47.167.43.12
319,Briny,Huckabe,bhuckabe8u@surveymonkey.com,Polygender,240.52.150.46
320,Marja,Babst,mbabst8v@chronoengine.com,Agender,114.65.100.98
321,Fidel,Caveill,fcaveill8w@xrea.com,Genderqueer,218.91.139.32
322,Maggee,McLaughlin,mmclaughlin8x@kickstarter.com,Polygender,109.45.200.83
323,Ruthanne,Garahan,rgarahan8y@over-blog.com,Male,228.231.46.183
324,Sylvia,Marriage,smarriage8z@ow.ly,Female,142.65.39.226
325,Cristina,Tyers,ctyers90@godaddy.com,Female,245.80.131.167
326,Maurizia,Vidyapin,mvidyapin91@businessweek.com,Agender,79.126.85.193
327,Brunhilda,Bruckman,bbruckman92@hp.com,Male,123.101.75.109
328,Jocelin,Matkovic,jmatkovic93@t-online.de,Genderqueer,195.164.66.133
329,Kati,Simonetti,ksimonetti94@epa.gov,Male,251.30.185.109
330,Cleon,Fruchter,cfruchter95@booking.com,Agender,72.41.54.2
331,Olivier,Clutheram,oclutheram96@dagondesign.com,Agender,61.168.61.160
332,Cecily,Maggs,cmaggs97@yelp.com,Bigender,150.30.134.12
333,Amie,Basezzi,abasezzi98@digg.com,Agender,90.29.51.131
334,Nicky,Spindler,nspindler99@blog.com,Male,39.63.125.16
335,Ambrosius,Knaggs,aknaggs9a@google.co.jp,Bigender,12.204.4.220
336,Delmar,Licari,dlicari9b@chron.com,Non-binary,191.145.55.35
337,Darb,MacMenamy,dmacmenamy9c@4shared.com,Non-binary,185.115.147.145
338,Waverley,Kilbey,wkilbey9d@networksolutions.com,Non-binary,51.96.173.95
339,Berny,Bickersteth,bbickersteth9e@over-blog.com,Non-binary,251.86.148.72
340,Siouxie,Shobrook,sshobrook9f@abc.net.au,Male,134.134.235.245
341,Olin,Thompson,othompson9g@army.mil,Genderfluid,7.223.255.233
342,Alleyn,Greenhow,agreenhow9h@umn.edu,Non-binary,234.60.194.223
343,Nicolea,Sercombe,nsercombe9i@illinois.edu,Agender,80.241.50.163
344,Dorelle,Clemas,dclemas9j@time.com,Genderqueer,228.27.183.18
345,Willow,Northill,wnorthill9k@woothemes.com,Non-binary,23.100.153.129
346,Jeanette,Grealy,jgrealy9l@wp.com,Male,231.135.97.44
347,Andreana,Leggat,aleggat9m@wired.com,Genderqueer,181.100.187.155
348,Cleve,Fredson,cfredson9n@prlog.org,Genderfluid,98.96.86.14
349,Armstrong,Muirhead,amuirhead9o@tuttocitta.it,Male,63.34.117.50
350,Rosamond,Trays,rtrays9p@nbcnews.com,Non-binary,85.193.100.236
351,Perice,Ouver,pouver9q@nasa.gov,Agender,42.149.104.220
352,Ninon,Bevar,nbevar9r@i2i.jp,Non-binary,196.75.178.85
353,Elysha,Yglesia,eyglesia9s@elegantthemes.com,Bigender,143.206.167.100
354,Alastair,Carlton,acarlton9t@slashdot.org,Non-binary,224.194.88.160
355,Cody,Brimson,cbrimson9u@narod.ru,Genderqueer,239.109.46.57
356,Filberto,Cockney,fcockney9v@usnews.com,Non-binary,120.162.29.144
357,Dom,Ribeiro,dribeiro9w@booking.com,Genderqueer,254.98.63.161
358,Pall,Barlass,pbarlass9x@discovery.com,Polygender,22.117.92.155
359,Elsi,Sleeford,esleeford9y@unicef.org,Genderqueer,198.172.97.138
360,Axe,Moult,amoult9z@ft.com,Polygender,143.115.132.176
361,Godfrey,Mowett,gmowetta0@seattletimes.com,Agender,255.15.122.174
362,Cleopatra,McQueen,cmcqueena1@rambler.ru,Bigender,78.201.248.137
363,Norbert,Nibley,nnibleya2@wunderground.com,Genderqueer,46.122.122.59
364,Elfreda,Dietz,edietza3@comsenz.com,Genderfluid,217.210.235.213
365,Carine,Damsell,cdamsella4@hibu.com,Female,111.101.84.203
366,Lezley,Elies,leliesa5@free.fr,Male,50.193.19.155
367,Josi,Pavyer,jpavyera6@joomla.org,Genderqueer,133.157.241.1
368,Hildegaard,Cicchinelli,hcicchinellia7@usnews.com,Bigender,15.75.73.224
369,Cecelia,Buckmaster,cbuckmastera8@weibo.com,Polygender,26.40.22.237
370,Cesya,Cape,ccapea9@indiegogo.com,Polygender,192.66.245.235
371,Doug,Sunner,dsunneraa@shinystat.com,Agender,15.80.185.132
372,Nixie,Whorall,nwhorallab@taobao.com,Male,188.249.25.174
373,Brander,Omrod,bomrodac@merriam-webster.com,Bigender,148.14.131.123
374,Lovell,Halladay,lhalladayad@yolasite.com,Polygender,186.25.52.66
375,Corry,Lidgerton,clidgertonae@4shared.com,Non-binary,240.248.48.16
376,Lonny,Fishe,lfisheaf@statcounter.com,Genderqueer,171.223.52.19
377,Dillie,Twort,dtwortag@ovh.net,Polygender,15.16.214.105
378,Aileen,Berney,aberneyah@berkeley.edu,Male,205.23.4.82
379,George,Causon,gcausonai@prlog.org,Agender,232.242.70.94
380,Morgan,Duguid,mduguidaj@cornell.edu,Non-binary,197.114.129.142
381,Viviene,Skill,vskillak@cmu.edu,Genderqueer,127.14.94.49
382,Mozes,Mahoney,mmahoneyal@dedecms.com,Female,62.23.122.162
383,Corena,Heiss,cheissam@hc360.com,Genderfluid,141.235.130.38
384,Alvin,Benns,abennsan@goodreads.com,Genderqueer,43.149.189.62
385,Silvana,Roussel,srousselao@twitpic.com,Male,238.249.240.93
386,Reamonn,Leare,rleareap@salon.com,Female,165.35.140.165
387,Sella,Lipscomb,slipscombaq@huffingtonpost.com,Polygender,157.183.121.122
388,Nikkie,Bedinn,nbedinnar@umich.edu,Polygender,17.210.185.158
389,Anna-maria,Knightley,aknightleyas@tuttocitta.it,Male,22.228.133.53
390,Colman,Ravenscroftt,cravenscrofttat@stanford.edu,Polygender,227.56.3.13
391,Noni,Whatman,nwhatmanau@hatena.ne.jp,Polygender,30.90.6.32
392,Maxwell,Leach,mleachav@pagesperso-orange.fr,Genderqueer,207.157.126.18
393,Keary,Bloss,kblossaw@so-net.ne.jp,Genderfluid,253.169.69.235
394,Lorraine,Totterdill,ltotterdillax@51.la,Female,28.171.143.29
395,Luz,De Bell,ldebellay@liveinternet.ru,Genderqueer,84.4.105.119
396,Skyler,Winters,swintersaz@freewebs.com,Bigender,8.206.22.106
397,Belvia,Stocky,bstockyb0@wired.com,Male,209.93.18.221
398,Rickie,Willgoose,rwillgooseb1@usgs.gov,Polygender,209.61.58.223
399,Westbrook,Moorwood,wmoorwoodb2@about.me,Bigender,215.91.54.203
400,Eydie,Slateford,eslatefordb3@zimbio.com,Male,57.80.224.133
401,Baxy,Jerson,bjersonb4@hexun.com,Polygender,218.195.176.179
402,Charlotta,Gelder,cgelderb5@va.gov,Female,174.176.251.200
403,Fan,Mattheeuw,fmattheeuwb6@dion.ne.jp,Male,97.174.173.246
404,Steward,Stowe,sstoweb7@tmall.com,Genderfluid,119.231.79.12
405,Pyotr,Renoden,prenodenb8@walmart.com,Genderqueer,208.102.41.186
406,Israel,Harriskine,iharriskineb9@dailymotion.com,Bigender,111.249.17.156
407,Latisha,Myerscough,lmyerscoughba@guardian.co.uk,Genderqueer,206.40.217.163
408,Clementina,Loveguard,cloveguardbb@constantcontact.com,Bigender,116.199.210.86
409,Maurise,Deluze,mdeluzebc@flavors.me,Genderfluid,135.133.10.38
410,Fedora,Diviny,fdivinybd@intel.com,Bigender,244.99.127.234
411,Konstanze,Aburrow,kaburrowbe@google.es,Bigender,229.52.147.181
412,Johannes,Grishkov,jgrishkovbf@wikispaces.com,Polygender,30.27.193.102
413,Lira,Sugg,lsuggbg@google.com.au,Polygender,111.250.221.51
414,Silas,Leahair,sleahairbh@mapquest.com,Bigender,22.232.190.206
415,Jerrie,Viegas,jviegasbi@pcworld.com,Agender,84.154.244.131
416,Jilli,Arpin,jarpinbj@oaic.gov.au,Polygender,185.104.106.53
417,Charin,Worsnup,cworsnupbk@tripadvisor.com,Non-binary,133.135.63.39
418,Barb,Cammell,bcammellbl@kickstarter.com,Bigender,29.206.185.128
419,Grantley,Gilluley,ggilluleybm@irs.gov,Genderqueer,47.65.22.95
420,Nat,Blything,nblythingbn@edublogs.org,Genderfluid,14.73.130.92
421,Roxana,Mould,rmouldbo@ovh.net,Agender,60.58.39.140
422,Faith,Priestman,fpriestmanbp@reverbnation.com,Polygender,65.10.93.96
423,Stace,Stanton,sstantonbq@w3.org,Bigender,149.189.207.37
424,Iain,Manzell,imanzellbr@europa.eu,Agender,199.59.156.77
425,Morgan,Plail,mplailbs@woothemes.com,Male,137.44.153.97
426,Evanne,Lantoph,elantophbt@dmoz.org,Genderqueer,115.179.183.254
427,Koral,Binch,kbinchbu@independent.co.uk,Female,191.54.92.180
428,Sarah,Bingham,sbinghambv@gravatar.com,Genderqueer,80.144.243.128
429,Halette,McNuff,hmcnuffbw@comcast.net,Agender,237.0.160.116
430,Joscelin,Hamer,jhamerbx@macromedia.com,Non-binary,42.139.207.224
431,Dasya,Nelane,dnelaneby@businessweek.com,Male,112.211.211.245
432,Imogen,Simakov,isimakovbz@sohu.com,Genderqueer,227.184.113.95
433,Davidde,Carnalan,dcarnalanc0@narod.ru,Female,145.203.221.11
434,Theadora,Swanne,tswannec1@tripod.com,Female,123.251.168.205
435,Amanda,Greder,agrederc2@java.com,Male,130.74.109.4
436,Hatty,Parlott,hparlottc3@mit.edu,Agender,60.149.18.56
437,Ellette,Choffin,echoffinc4@nps.gov,Male,16.243.63.175
438,Ellissa,Creigan,ecreiganc5@discovery.com,Bigender,3.65.51.184
439,Hyacinthie,Vardey,hvardeyc6@bigcartel.com,Agender,255.120.30.135
440,Katha,Roads,kroadsc7@boston.com,Male,207.244.106.44
441,Erna,Beaty,ebeatyc8@prnewswire.com,Polygender,189.6.225.17
442,Farand,Gimbart,fgimbartc9@slideshare.net,Polygender,132.183.166.202
443,Julissa,Leythley,jleythleyca@samsung.com,Male,89.86.81.92
444,Simeon,Bikker,sbikkercb@yellowpages.com,Genderqueer,100.216.170.133
445,Berti,Vicent,bvicentcc@arizona.edu,Non-binary,120.211.35.85
446,Mikey,Gilstin,mgilstincd@cloudflare.com,Female,226.255.32.97
447,Ezri,Vila,evilace@google.com,Genderfluid,205.89.198.192
448,Yoshi,Stenton,ystentoncf@nydailynews.com,Genderfluid,107.115.42.101
449,Elinore,Maw,emawcg@reference.com,Genderqueer,44.29.25.75
450,Henrik,Nannetti,hnannettich@examiner.com,Female,165.183.253.251
451,Conny,Betke,cbetkeci@wisc.edu,Agender,195.34.135.227
452,Vicki,Heynel,vheynelcj@histats.com,Female,24.58.98.48
453,Heddi,Peron,hperonck@myspace.com,Genderfluid,249.147.7.55
454,Killie,Bisatt,kbisattcl@answers.com,Bigender,191.51.78.193
455,Windham,Bartels,wbartelscm@odnoklassniki.ru,Non-binary,155.27.143.166
456,Dody,Prin,dprincn@theatlantic.com,Bigender,181.106.206.21
457,Leonore,Methringham,lmethringhamco@nih.gov,Non-binary,22.255.108.18
458,Ladonna,Lampel,llampelcp@surveymonkey.com,Female,212.80.98.19
459,Merilee,Handrock,mhandrockcq@bloomberg.com,Polygender,205.48.249.164
460,Philis,Linnane,plinnanecr@bloglovin.com,Male,72.128.236.197
461,Heindrick,Heineken,hheinekencs@trellian.com,Male,153.61.51.51
462,Padraic,Mellonby,pmellonbyct@privacy.gov.au,Genderqueer,241.139.245.104
463,Purcell,Peare,ppearecu@yandex.ru,Male,180.118.237.15
464,Justin,Arno,jarnocv@studiopress.com,Male,84.156.89.232
465,Richmound,Skule,rskulecw@wikipedia.org,Genderqueer,16.50.202.69
466,Gerhard,Shawl,gshawlcx@hostgator.com,Genderqueer,236.171.140.28
467,Rey,Storcke,rstorckecy@t.co,Female,105.222.160.50
468,Lilllie,Challicum,lchallicumcz@redcross.org,Agender,130.93.15.87
469,Frans,Maevela,fmaevelad0@seattletimes.com,Genderfluid,234.16.145.140
470,Rosemary,Brunelli,rbrunellid1@seesaa.net,Polygender,50.11.203.197
471,Percival,Butchers,pbutchersd2@usnews.com,Genderfluid,33.201.150.0
472,Joly,Lanceter,jlanceterd3@slate.com,Agender,228.93.223.167
473,Rollie,Badger,rbadgerd4@bloglovin.com,Male,30.118.33.89
474,Arie,Thorn,athornd5@e-recht24.de,Female,59.74.212.42
475,Melodee,Hecks,mhecksd6@berkeley.edu,Non-binary,2.97.190.61
476,Emily,MacKnockiter,emacknockiterd7@flickr.com,Agender,255.222.26.58
477,Melonie,Filer,mfilerd8@constantcontact.com,Bigender,13.222.2.167
478,Jan,Pexton,jpextond9@shutterfly.com,Bigender,158.64.81.143
479,Roosevelt,Ferries,rferriesda@acquirethisname.com,Non-binary,145.92.229.103
480,Goraud,MacNaughton,gmacnaughtondb@ameblo.jp,Female,69.116.36.74
481,Templeton,Cadwallader,tcadwalladerdc@stumbleupon.com,Genderfluid,44.174.16.150
482,Waylen,Malenoir,wmalenoirdd@census.gov,Male,197.104.103.199
483,Suzanne,Bentjens,sbentjensde@com.com,Genderfluid,25.55.84.55
484,Enrico,Schule,eschuledf@tinyurl.com,Non-binary,172.216.63.60
485,Sadella,Bastian,sbastiandg@hc360.com,Genderfluid,73.45.68.230
486,Marven,Marns,mmarnsdh@npr.org,Polygender,2.75.104.46
487,Xavier,Bevar,xbevardi@nyu.edu,Genderqueer,157.206.37.123
488,Mischa,Botham,mbothamdj@youku.com,Male,32.91.155.114
489,Tami,Daintrey,tdaintreydk@slideshare.net,Female,70.63.147.169
490,Ashly,Skoughman,askoughmandl@globo.com,Genderqueer,44.2.141.230
491,Delainey,Gantley,dgantleydm@rambler.ru,Bigender,0.128.247.236
492,Griffie,Biasio,gbiasiodn@accuweather.com,Agender,103.115.253.238
493,Emmeline,Clarridge,eclarridgedo@loc.gov,Non-binary,204.46.154.128
494,Nick,Branchett,nbranchettdp@dailymotion.com,Bigender,18.137.46.17
495,Fritz,Thow,fthowdq@alibaba.com,Agender,30.244.88.26
496,Margarethe,Dye,mdyedr@mayoclinic.com,Polygender,68.238.35.50
497,Riki,Franek,rfranekds@umn.edu,Male,218.80.49.139
498,Edithe,Piatek,epiatekdt@nba.com,Male,162.87.190.48
499,Luce,Cobbin,lcobbindu@craigslist.org,Bigender,48.206.248.17
500,Bev,Drinkall,bdrinkalldv@delicious.com,Genderqueer,27.41.163.109
501,Sheffy,Frangello,sfrangellodw@cnn.com,Agender,99.196.247.6
502,Kinsley,Garnall,kgarnalldx@reuters.com,Polygender,22.210.68.139
503,Orelle,Feldman,ofeldmandy@amazon.de,Genderqueer,160.187.83.89
504,Giana,Lutas,glutasdz@eventbrite.com,Female,172.131.91.206
505,Gian,Chillcot,gchillcote0@lulu.com,Female,146.84.186.125
506,Nickolai,Pudge,npudgee1@typepad.com,Male,124.137.137.196
507,Tabor,Cloutt,tcloutte2@trellian.com,Polygender,246.148.14.26
508,Kristal,Newstead,knewsteade3@rambler.ru,Genderqueer,61.66.225.104
509,Angie,Cleever,acleevere4@toplist.cz,Genderqueer,223.104.208.34
510,Steffi,Blackborow,sblackborowe5@shutterfly.com,Genderqueer,11.154.133.224
511,Chaim,Rees,creese6@gravatar.com,Agender,150.123.189.47
512,Reagan,Penniall,rpennialle7@dropbox.com,Genderfluid,113.119.22.134
513,Astrix,Chaudrelle,achaudrellee8@prnewswire.com,Polygender,246.58.180.59
514,Cherice,Fishburn,cfishburne9@pinterest.com,Female,5.100.58.156
515,Roxane,Porson,rporsonea@oracle.com,Genderfluid,213.23.160.16
516,Dunc,McCulloch,dmccullocheb@tuttocitta.it,Genderqueer,75.46.57.64
517,Ketty,Murname,kmurnameec@mediafire.com,Bigender,222.57.231.222
518,Camel,McCarter,cmccartered@networksolutions.com,Bigender,79.12.171.19
519,Herold,Brakewell,hbrakewellee@adobe.com,Female,216.0.171.157
520,Conrade,Perkis,cperkisef@nature.com,Bigender,163.201.154.163
521,Salvatore,Rushford,srushfordeg@ucsd.edu,Genderqueer,218.112.179.157
522,Gillan,Jewise,gjewiseeh@globo.com,Genderfluid,175.12.203.131
523,Alfredo,Dooley,adooleyei@mail.ru,Polygender,84.43.253.205
524,Xena,Sitlington,xsitlingtonej@independent.co.uk,Genderqueer,35.202.19.164
525,Abba,Stotherfield,astotherfieldek@slideshare.net,Agender,170.125.235.227
526,Freddy,Voisey,fvoiseyel@ucsd.edu,Agender,53.83.70.158
527,Beret,Kernock,bkernockem@devhub.com,Bigender,117.175.172.236
528,Dora,Ketteringham,dketteringhamen@newsvine.com,Female,60.156.80.162
529,Drake,Louden,dloudeneo@usatoday.com,Bigender,210.178.53.52
530,Verena,Eddoes,veddoesep@desdev.cn,Bigender,59.83.47.129
531,Andrej,McGrudder,amcgruddereq@biblegateway.com,Male,56.73.70.154
532,Annette,Powton,apowtoner@reference.com,Bigender,26.117.185.229
533,Trey,Edwards,tedwardses@feedburner.com,Genderqueer,79.111.17.197
534,Christal,Laborda,clabordaet@go.com,Genderqueer,238.150.217.87
535,Danila,Brockwell,dbrockwelleu@bravesites.com,Male,146.1.169.70
536,Lee,Wolfendell,lwolfendellev@yolasite.com,Agender,99.141.244.119
537,Karole,Iwanowicz,kiwanowiczew@edublogs.org,Genderqueer,199.188.9.253
538,Casie,Wicklin,cwicklinex@flickr.com,Genderfluid,174.120.179.30
539,Hildegarde,Frangione,hfrangioneey@livejournal.com,Bigender,170.184.104.195
540,Colas,Pawlick,cpawlickez@naver.com,Genderqueer,112.100.82.49
541,Clemmy,Gladhill,cgladhillf0@census.gov,Genderqueer,254.102.89.223
542,Cayla,Cogdon,ccogdonf1@businessinsider.com,Male,66.42.60.245
543,Ardra,Bindon,abindonf2@patch.com,Genderqueer,232.29.46.85
544,Clotilda,Cammiemile,ccammiemilef3@craigslist.org,Non-binary,183.93.246.239
545,Emelda,Mickelwright,emickelwrightf4@about.com,Male,197.200.141.187
546,Barbie,Thrussell,bthrussellf5@themeforest.net,Polygender,237.53.112.208
547,Gill,Dodding,gdoddingf6@amazon.de,Genderfluid,32.100.35.72
548,Starlene,Alishoner,salishonerf7@edublogs.org,Genderqueer,145.110.169.139
549,Chaim,L'Amie,clamief8@shop-pro.jp,Genderqueer,133.203.113.141
550,Alexander,Hagstone,ahagstonef9@narod.ru,Genderfluid,135.114.174.182
551,Diane,Duffett,dduffettfa@nationalgeographic.com,Genderfluid,155.40.135.146
552,Dal,Windaybank,dwindaybankfb@sciencedaily.com,Genderqueer,103.139.43.102
553,Lanny,Lomen,llomenfc@epa.gov,Male,16.160.55.4
554,Kayle,Bellanger,kbellangerfd@timesonline.co.uk,Agender,16.59.250.188
555,Maurizia,Sprakes,msprakesfe@rambler.ru,Genderqueer,215.63.180.245
556,Myrah,Gartenfeld,mgartenfeldff@e-recht24.de,Bigender,244.103.150.67
557,Royall,Streader,rstreaderfg@ifeng.com,Bigender,80.136.250.91
558,Roanne,Balderson,rbaldersonfh@tuttocitta.it,Bigender,131.132.198.109
559,Cathie,Oglesbee,coglesbeefi@google.com.hk,Polygender,70.167.105.77
560,Mickie,Waker,mwakerfj@archive.org,Genderfluid,71.149.159.185
561,Gottfried,Flory,gfloryfk@goo.ne.jp,Polygender,116.37.185.240
562,Claribel,Showl,cshowlfl@stumbleupon.com,Non-binary,151.128.170.251
563,Gussi,Brandsen,gbrandsenfm@vinaora.com,Agender,59.95.197.11
564,Maritsa,Leppo,mleppofn@bloomberg.com,Agender,176.32.81.222
565,Daniel,Royan,droyanfo@cdc.gov,Bigender,131.75.2.49
566,Melicent,Giacobilio,mgiacobiliofp@goo.ne.jp,Genderfluid,122.53.18.222
567,Alvinia,Magovern,amagovernfq@usgs.gov,Bigender,126.134.231.175
568,Marlane,Whitton,mwhittonfr@home.pl,Bigender,89.154.93.152
569,Brandais,Felton,bfeltonfs@seesaa.net,Non-binary,142.1.193.78
570,Kyle,Gorham,kgorhamft@amazonaws.com,Non-binary,200.98.114.219
571,Rube,D'Alwis,rdalwisfu@prnewswire.com,Genderqueer,39.182.191.38
572,Cos,Stocky,cstockyfv@pen.io,Bigender,209.165.169.216
573,Corbet,Gotecliffe,cgotecliffefw@nytimes.com,Genderfluid,0.235.125.0
574,Arnaldo,Rockcliffe,arockcliffefx@baidu.com,Male,162.65.232.255
575,Welsh,Whapham,wwhaphamfy@archive.org,Non-binary,169.129.182.134
576,Guillema,Sharnock,gsharnockfz@joomla.org,Agender,22.33.153.0
577,Cozmo,Weaving,cweavingg0@google.ru,Agender,191.102.156.79
578,Chadd,Delbergue,cdelbergueg1@upenn.edu,Female,197.43.10.51
579,Bentley,Axe,baxeg2@list-manage.com,Genderqueer,83.206.186.64
580,Shanan,Finey,sfineyg3@instagram.com,Polygender,254.25.103.130
581,Forbes,Troman,ftromang4@rediff.com,Bigender,247.6.100.201
582,Maurita,Doget,mdogetg5@theglobeandmail.com,Genderfluid,232.15.101.218
583,Jacklyn,Derl,jderlg6@shop-pro.jp,Polygender,110.250.79.157
584,Cherlyn,McKeevers,cmckeeversg7@aol.com,Polygender,231.225.75.61
585,Garfield,Menichini,gmenichinig8@arstechnica.com,Polygender,192.159.71.192
586,Hube,Tales,htalesg9@msn.com,Non-binary,51.209.60.178
587,Gwendolyn,Leupold,gleupoldga@msn.com,Bigender,93.182.192.53
588,Mylo,Rude,mrudegb@plala.or.jp,Genderqueer,158.126.124.174
589,Krystal,McColm,kmccolmgc@nhs.uk,Agender,88.27.225.146
590,Annabell,Brayfield,abrayfieldgd@webnode.com,Genderfluid,210.79.75.59
591,Herbert,Axon,haxonge@chron.com,Bigender,111.156.140.78
592,Amelia,Cockings,acockingsgf@mediafire.com,Genderqueer,138.96.136.149
593,Hagan,Ockland,hocklandgg@unicef.org,Genderfluid,154.117.252.53
594,Anthe,Well,awellgh@usda.gov,Polygender,14.38.224.215
595,Gusta,Dast,gdastgi@facebook.com,Male,203.7.120.17
596,Bud,MacGlory,bmacglorygj@wired.com,Female,176.162.135.153
597,Julie,Rubinsohn,jrubinsohngk@cnbc.com,Bigender,37.175.16.92
598,Martina,Ramberg,mramberggl@youku.com,Male,43.5.178.228
599,Laurens,Craggs,lcraggsgm@furl.net,Genderqueer,110.14.233.131
600,Gay,Lafond,glafondgn@delicious.com,Female,197.113.72.140
601,Putnam,Mattiassi,pmattiassigo@slideshare.net,Agender,113.215.23.99
602,Gracia,Lukianov,glukianovgp@walmart.com,Male,116.86.159.100
603,Judas,Guirard,jguirardgq@topsy.com,Non-binary,138.247.158.216
604,Patience,Espin,pespingr@biglobe.ne.jp,Non-binary,244.98.169.176
605,Klarrisa,Vairow,kvairowgs@virginia.edu,Female,116.55.61.201
606,Clim,Whittle,cwhittlegt@senate.gov,Bigender,135.24.77.130
607,Carlina,De Wolfe,cdewolfegu@mtv.com,Genderfluid,15.150.92.130
608,Nina,Seago,nseagogv@samsung.com,Bigender,190.113.179.160
609,Jammie,Farnham,jfarnhamgw@mozilla.org,Genderfluid,33.186.112.154
610,Shelden,Marnane,smarnanegx@hhs.gov,Male,60.149.185.98
611,Heidie,Kowal,hkowalgy@nsw.gov.au,Polygender,251.255.155.214
612,Sonya,Houlison,shoulisongz@over-blog.com,Genderfluid,142.164.217.9
613,Mirelle,Denk,mdenkh0@ibm.com,Non-binary,11.23.54.185
614,Cosmo,Thamelt,cthamelth1@zimbio.com,Polygender,165.203.85.94
615,Mal,Astie,mastieh2@youku.com,Agender,75.73.38.119
616,Patti,Olivet,poliveth3@nps.gov,Non-binary,116.44.215.18
617,Nicolais,Neat,nneath4@weibo.com,Genderfluid,61.113.251.238
618,Earlie,St Quenin,estqueninh5@joomla.org,Non-binary,120.247.46.48
619,Prudi,Heather,pheatherh6@xrea.com,Agender,91.163.175.233
620,Idaline,Gudgin,igudginh7@pcworld.com,Polygender,35.233.35.157
621,Laurena,Wofenden,lwofendenh8@qq.com,Male,174.114.4.208
622,Fiona,Brodeur,fbrodeurh9@vk.com,Male,35.99.199.134
623,Corinna,Oertzen,coertzenha@spiegel.de,Male,184.117.212.173
624,Darn,Tunn,dtunnhb@harvard.edu,Polygender,131.127.198.95
625,Brandise,Kilgallon,bkilgallonhc@is.gd,Genderfluid,154.176.151.193
626,Othilie,Vern,overnhd@cdc.gov,Polygender,33.31.63.4
627,Sanson,Misken,smiskenhe@cbslocal.com,Bigender,82.207.60.198
628,Adolf,Kemmey,akemmeyhf@over-blog.com,Genderqueer,29.235.62.222
629,Sophey,Lashbrook,slashbrookhg@example.com,Female,23.217.213.58
630,Edgard,Curlis,ecurlishh@hexun.com,Non-binary,209.237.86.227
631,Floris,Buffey,fbuffeyhi@hexun.com,Polygender,229.196.74.20
632,Hendrik,Ide,hidehj@topsy.com,Non-binary,178.85.59.52
633,Othilia,Gentreau,ogentreauhk@gnu.org,Male,226.144.46.143
634,Vanny,Teesdale,vteesdalehl@prweb.com,Genderfluid,187.201.132.54
635,Ami,Dafydd,adafyddhm@google.pl,Genderqueer,119.254.124.11
636,Rorie,Nevitt,rnevitthn@accuweather.com,Agender,143.11.220.88
637,Mehetabel,Oldman,moldmanho@gravatar.com,Female,31.137.133.195
638,Adorne,Ismirnioglou,aismirnioglouhp@reverbnation.com,Polygender,2.21.152.100
639,Stirling,Ketton,skettonhq@blogtalkradio.com,Female,82.137.181.244
640,Sallyanne,Back,sbackhr@devhub.com,Genderfluid,106.23.254.109
641,Tammy,Kimmince,tkimmincehs@technorati.com,Polygender,44.81.182.208
642,Catharina,Manuelli,cmanuelliht@discuz.net,Genderqueer,188.58.24.188
643,Barnaby,Hourahan,bhourahanhu@goo.ne.jp,Female,85.208.198.33
644,Town,MacCarlich,tmaccarlichhv@acquirethisname.com,Agender,144.44.222.47
645,Nadine,Malley,nmalleyhw@techcrunch.com,Bigender,66.35.122.235
646,Rochette,Physic,rphysichx@huffingtonpost.com,Non-binary,187.233.165.210
647,Florinda,Queste,fquestehy@bandcamp.com,Genderfluid,194.11.222.188
648,Laureen,Dreghorn,ldreghornhz@dmoz.org,Genderfluid,243.153.42.232
649,Fionnula,Dowsett,fdowsetti0@bing.com,Agender,164.193.215.12
650,Annabelle,Bartlomieczak,abartlomieczaki1@nymag.com,Genderqueer,193.57.217.63
651,Bradney,Reubel,breubeli2@disqus.com,Genderfluid,166.53.201.20
652,Sonya,Edwardson,sedwardsoni3@arstechnica.com,Bigender,240.17.184.51
653,Trevar,Marryatt,tmarryatti4@chicagotribune.com,Bigender,80.50.65.122
654,Laureen,Bretton,lbrettoni5@cargocollective.com,Genderfluid,230.221.10.188
655,Gusta,Hulett,ghuletti6@google.de,Agender,145.110.165.170
656,Wrennie,Dunkirk,wdunkirki7@adobe.com,Male,211.141.254.98
657,Joanna,Beesley,jbeesleyi8@hatena.ne.jp,Non-binary,181.96.92.6
658,Kenton,Steffan,ksteffani9@github.com,Female,172.138.251.31
659,Myrwyn,Kidman,mkidmania@surveymonkey.com,Female,82.191.87.230
660,Kimberley,Jina,kjinaib@canalblog.com,Non-binary,246.172.44.44
661,Kylila,Fray,kfrayic@cpanel.net,Male,61.170.26.91
662,Dur,Oades,doadesid@sourceforge.net,Genderfluid,239.168.11.156
663,Aldus,Meineken,ameinekenie@123-reg.co.uk,Agender,117.162.22.0
664,Vladimir,Verner,vvernerif@walmart.com,Genderfluid,28.96.24.13
665,Sharity,Eastmead,seastmeadig@bigcartel.com,Polygender,216.111.53.61
666,Madlen,Crowhurst,mcrowhurstih@yelp.com,Polygender,35.80.198.115
667,Julianne,Saward,jsawardii@paginegialle.it,Agender,245.110.185.4
668,Shanta,Lanigan,slaniganij@google.fr,Non-binary,158.113.88.12
669,Shauna,MacArdle,smacardleik@yellowpages.com,Genderfluid,19.46.24.99
670,Phineas,Dorgon,pdorgonil@hao123.com,Agender,243.62.206.94
671,Guido,Brownsett,gbrownsettim@unblog.fr,Male,18.26.23.26
672,Marsh,Bidewel,mbidewelin@globo.com,Polygender,48.178.87.42
673,Marco,Wormell,mwormellio@time.com,Genderfluid,255.222.94.241
674,Byron,Rennie,brennieip@reverbnation.com,Agender,57.91.208.179
675,Emily,Crimp,ecrimpiq@weibo.com,Genderqueer,245.43.229.162
676,Adler,Corre,acorreir@baidu.com,Genderfluid,106.200.167.88
677,Dyane,Jackways,djackwaysis@sourceforge.net,Female,203.149.110.117
678,Jamie,Kornalik,jkornalikit@hubpages.com,Female,83.19.5.97
679,Kylynn,Highton,khightoniu@disqus.com,Genderfluid,168.98.239.141
680,Lura,Trenholme,ltrenholmeiv@alibaba.com,Polygender,232.142.53.70
681,Abrahan,Henaughan,ahenaughaniw@gov.uk,Genderqueer,170.184.80.222
682,Phelia,Gazzard,pgazzardix@abc.net.au,Bigender,190.186.150.62
683,Mona,Spering,msperingiy@census.gov,Male,17.166.186.240
684,Aleece,Hancill,ahancilliz@youtube.com,Male,126.3.195.44
685,Lanny,Keady,lkeadyj0@chron.com,Genderfluid,191.173.114.217
686,Bran,Flannery,bflanneryj1@opensource.org,Agender,177.80.189.154
687,Garrot,Burmingham,gburminghamj2@ox.ac.uk,Non-binary,205.101.98.85
688,Chris,Oloman,colomanj3@time.com,Male,66.158.97.1
689,Claudianus,Khristoforov,ckhristoforovj4@hubpages.com,Polygender,111.34.149.220
690,Gisella,De Simoni,gdesimonij5@virginia.edu,Genderqueer,93.18.135.133
691,Siusan,Jeffree,sjeffreej6@toplist.cz,Genderqueer,134.93.41.157
692,Boyce,Turvie,bturviej7@europa.eu,Agender,125.250.231.168
693,Eada,Nevin,enevinj8@ed.gov,Bigender,211.207.85.176
694,Saraann,Cowser,scowserj9@forbes.com,Agender,110.165.138.104
695,Bobbye,Kingshott,bkingshottja@hostgator.com,Polygender,111.246.180.255
696,Annmaria,Elleton,aelletonjb@harvard.edu,Agender,241.178.154.24
697,Nelle,Taylot,ntaylotjc@sakura.ne.jp,Genderfluid,75.37.220.38
698,Patric,Goldsbury,pgoldsburyjd@bloglovin.com,Male,159.51.112.94
699,Brock,Cuffley,bcuffleyje@techcrunch.com,Male,225.121.25.223
700,Deedee,Simonetti,dsimonettijf@bigcartel.com,Non-binary,130.189.154.121
701,Leodora,Isham,lishamjg@usgs.gov,Genderqueer,36.1.60.97
702,Thain,Pendle,tpendlejh@reverbnation.com,Non-binary,71.83.31.51
703,Roxy,Inett,rinettji@mtv.com,Polygender,122.22.206.178
704,Andrey,Kennagh,akennaghjj@nymag.com,Genderfluid,125.69.229.46
705,Michal,Cocke,mcockejk@alexa.com,Bigender,238.242.186.131
706,Jamal,Deighton,jdeightonjl@tamu.edu,Polygender,202.214.117.234
707,Fitzgerald,Wickenden,fwickendenjm@canalblog.com,Female,78.71.113.143
708,Bill,O'Leary,bolearyjn@goo.ne.jp,Genderfluid,58.237.22.74
709,Domingo,Stoop,dstoopjo@wiley.com,Polygender,132.66.206.188
710,Sloan,Shackle,sshacklejp@instagram.com,Polygender,254.194.49.12
711,Cordy,Bailles,cbaillesjq@unesco.org,Non-binary,0.58.89.81
712,Skelly,Yesichev,syesichevjr@weebly.com,Female,222.169.154.168
713,Merry,Moyce,mmoycejs@sogou.com,Non-binary,175.45.255.60
714,Pris,Gissop,pgissopjt@pbs.org,Polygender,28.117.244.122
715,Tallie,Blethyn,tblethynju@eventbrite.com,Male,158.20.71.111
716,Innis,Trase,itrasejv@nature.com,Polygender,230.227.91.87
717,Mamie,Naisbet,mnaisbetjw@yelp.com,Female,133.211.45.137
718,Lodovico,Peak,lpeakjx@exblog.jp,Non-binary,197.50.192.217
719,Arman,Summerlie,asummerliejy@discuz.net,Genderfluid,80.26.226.55
720,Pate,Roust,proustjz@usa.gov,Agender,35.162.246.211
721,Vernor,Piccop,vpiccopk0@usa.gov,Genderqueer,247.240.14.83
722,Fernandina,Duval,fduvalk1@dmoz.org,Female,125.250.199.247
723,Padgett,Vedekhin,pvedekhink2@youtube.com,Female,11.134.60.252
724,Lynnea,Hitzmann,lhitzmannk3@bluehost.com,Genderfluid,254.93.155.150
725,Clovis,Rubartelli,crubartellik4@miibeian.gov.cn,Non-binary,65.225.101.84
726,Glenda,Imesson,gimessonk5@yale.edu,Agender,64.101.42.19
727,Nickolaus,Boncoeur,nboncoeurk6@google.pl,Female,218.59.4.52
728,Kissee,Cleft,kcleftk7@archive.org,Non-binary,146.105.197.57
729,Leelah,Woltering,lwolteringk8@pcworld.com,Female,145.132.61.221
730,Lorelle,MacVicar,lmacvicark9@acquirethisname.com,Agender,149.137.104.20
731,Morey,Filipputti,mfilipputtika@squidoo.com,Non-binary,185.255.227.248
732,Verina,Moniker,vmonikerkb@hexun.com,Agender,162.44.238.113
733,Rustie,MacAllester,rmacallesterkc@wix.com,Agender,201.147.213.124
734,Reggy,Peyntue,rpeyntuekd@latimes.com,Genderfluid,130.171.86.102
735,Chan,Laugherane,claugheraneke@pen.io,Female,119.97.238.223
736,Creighton,Tutsell,ctutsellkf@berkeley.edu,Bigender,251.9.99.87
737,Simmonds,Colegrove,scolegrovekg@themeforest.net,Non-binary,119.209.121.210
738,Kelci,Darrel,kdarrelkh@feedburner.com,Genderfluid,230.245.221.194
739,Rosalinda,Plane,rplaneki@ycombinator.com,Non-binary,174.142.5.72
740,Evelyn,Kaiser,ekaiserkj@google.fr,Polygender,190.120.182.65
741,Lark,Spleving,lsplevingkk@senate.gov,Polygender,99.2.223.94
742,Waly,Dalgety,wdalgetykl@google.com.br,Bigender,218.250.50.57
743,Troy,McTurley,tmcturleykm@fc2.com,Male,132.70.89.221
744,Gilbertine,Bispham,gbisphamkn@w3.org,Non-binary,223.115.108.176
745,Barry,Bassilashvili,bbassilashviliko@businessinsider.com,Agender,162.146.209.216
746,Sayers,Egger,seggerkp@joomla.org,Male,92.101.188.88
747,Talyah,Reeday,treedaykq@gov.uk,Non-binary,205.134.175.52
748,Vinni,Catt,vcattkr@icio.us,Bigender,190.254.149.145
749,Karlen,Kunc,kkuncks@github.io,Polygender,87.95.112.167
750,Hoebart,Matiewe,hmatiewekt@accuweather.com,Polygender,68.133.62.163
751,Bambie,Bretland,bbretlandku@ca.gov,Genderfluid,153.182.224.36
752,Hadley,Liggins,hligginskv@mediafire.com,Non-binary,86.44.220.118
753,Hilda,Drummer,hdrummerkw@quantcast.com,Genderfluid,123.165.43.54
754,Madeline,Kinnard,mkinnardkx@jigsy.com,Genderqueer,2.218.248.155
755,Coreen,Louis,clouisky@msn.com,Male,94.165.208.139
756,Rozina,Fillery,rfillerykz@blinklist.com,Male,223.81.149.3
757,Vanda,Maundrell,vmaundrelll0@technorati.com,Polygender,255.87.165.96
758,Francesca,Lombard,flombardl1@noaa.gov,Non-binary,250.170.170.211
759,Tadeas,Realff,trealffl2@illinois.edu,Genderqueer,40.191.3.190
760,Gwenny,Attwool,gattwooll3@google.es,Polygender,110.24.220.193
761,Sean,Luetkemeyers,sluetkemeyersl4@hud.gov,Bigender,196.152.31.209
762,Alexandra,Garriock,agarriockl5@goo.ne.jp,Agender,76.255.70.80
763,Shara,Dobrowolny,sdobrowolnyl6@senate.gov,Female,62.51.207.37
764,Jeromy,Furley,jfurleyl7@newsvine.com,Agender,250.173.205.239
765,Lisetta,Pickavance,lpickavancel8@theglobeandmail.com,Bigender,22.230.17.102
766,Juditha,Rosberg,jrosbergl9@wordpress.com,Bigender,110.191.254.64
767,Bendicty,Hudspith,bhudspithla@myspace.com,Female,247.80.214.236
768,Tremayne,Naulls,tnaullslb@wiley.com,Bigender,26.184.203.189
769,Mordy,Iskowitz,miskowitzlc@dailymotion.com,Non-binary,190.90.151.8
770,Royce,Procter,rprocterld@microsoft.com,Agender,203.171.175.240
771,Hunt,Duckers,hduckersle@ifeng.com,Genderfluid,117.181.165.92
772,Naoma,Vynarde,nvynardelf@techcrunch.com,Genderqueer,40.99.197.224
773,Mia,Filliskirk,mfilliskirklg@biblegateway.com,Agender,208.236.160.188
774,Linell,Geraldi,lgeraldilh@irs.gov,Bigender,208.157.193.25
775,Wilbert,McCartney,wmccartneyli@alexa.com,Genderfluid,95.55.55.213
776,Cordie,Gathwaite,cgathwaitelj@sourceforge.net,Genderfluid,134.96.58.139
777,Jeff,Caillou,jcailloulk@java.com,Genderfluid,115.166.243.144
778,Waly,MacDirmid,wmacdirmidll@disqus.com,Non-binary,5.53.31.190
779,Darb,Hanscomb,dhanscomblm@biblegateway.com,Male,43.186.28.110
780,Berte,MacTerrelly,bmacterrellyln@github.io,Male,190.39.146.122
781,Leonhard,Eveque,levequelo@360.cn,Bigender,203.55.71.133
782,Doroteya,Hexham,dhexhamlp@alibaba.com,Polygender,242.52.97.12
783,Flore,Tadman,ftadmanlq@skype.com,Non-binary,236.154.60.173
784,Stoddard,Trammel,strammellr@bloomberg.com,Bigender,214.163.225.91
785,Wilt,Notti,wnottils@nationalgeographic.com,Agender,91.53.15.146
786,Lindsay,Happer,lhapperlt@mit.edu,Male,240.122.186.211
787,Clementine,Ruos,cruoslu@ebay.co.uk,Female,82.119.68.173
788,Elbertine,Sharer,esharerlv@economist.com,Agender,13.31.73.72
789,Teddy,Akehurst,takehurstlw@ucoz.com,Non-binary,90.224.165.104
790,Cecilio,Mulqueen,cmulqueenlx@angelfire.com,Non-binary,164.170.68.224
791,Tallou,Bockh,tbockhly@ihg.com,Genderqueer,64.254.109.88
792,Diana,Lauritsen,dlauritsenlz@angelfire.com,Female,114.137.51.145
793,Deb,Alliott,dalliottm0@tripod.com,Agender,124.227.129.34
794,Dulsea,Denziloe,ddenziloem1@gizmodo.com,Female,177.205.193.195
795,Gnni,Hallward,ghallwardm2@google.com.hk,Male,64.90.88.214
796,Lacee,Gandley,lgandleym3@barnesandnoble.com,Female,206.103.178.179
797,Belle,Edgecombe,bedgecombem4@domainmarket.com,Female,139.250.110.236
798,Rodge,Glasscoe,rglasscoem5@google.com.br,Agender,157.193.226.200
799,Fax,Ryde,frydem6@google.de,Bigender,164.138.225.252
800,Melva,Kiehl,mkiehlm7@dot.gov,Female,155.54.31.50
801,Lindsay,Worrall,lworrallm8@google.com,Female,4.102.247.182
802,Che,Ashforth,cashforthm9@forbes.com,Female,28.52.243.168
803,Zeb,Andree,zandreema@census.gov,Genderqueer,229.86.216.5
804,Nicoline,Massey,nmasseymb@lulu.com,Female,73.67.12.244
805,Alexei,Andreu,aandreumc@alexa.com,Genderqueer,146.197.32.65
806,Doralin,Maylam,dmaylammd@eepurl.com,Genderqueer,96.224.211.98
807,Michal,McKeney,mmckeneyme@google.cn,Female,65.83.141.11
808,Rebekkah,Longea,rlongeamf@purevolume.com,Male,67.5.72.183
809,Siobhan,Chaimson,schaimsonmg@github.io,Female,206.3.50.25
810,Pate,Lindro,plindromh@flavors.me,Polygender,251.170.179.94
811,Indira,Bunworth,ibunworthmi@cafepress.com,Agender,0.140.56.124
812,Sella,Leipnik,sleipnikmj@cbsnews.com,Genderfluid,229.94.213.224
813,Hailee,Wallwork,hwallworkmk@google.co.jp,Female,124.147.172.9
814,Farlay,Momery,fmomeryml@opera.com,Female,223.71.202.111
815,Siffre,Lehrahan,slehrahanmm@ibm.com,Bigender,13.217.24.169
816,Steffane,Crusham,scrushammn@unicef.org,Genderfluid,133.71.27.132
817,Marline,Drysdale,mdrysdalemo@scientificamerican.com,Male,104.13.10.214
818,Kassia,Pietersen,kpietersenmp@mac.com,Polygender,166.201.56.48
819,Erroll,O'Fihillie,eofihilliemq@europa.eu,Genderfluid,222.232.82.142
820,Neel,Teaz,nteazmr@buzzfeed.com,Bigender,10.207.29.165
821,Gare,Ivanonko,givanonkoms@fastcompany.com,Agender,232.196.131.11
822,Beverly,Ardern,bardernmt@wired.com,Agender,171.247.239.28
823,Shannah,Foskew,sfoskewmu@google.de,Female,46.92.207.153
824,Olivia,Muldownie,omuldowniemv@craigslist.org,Polygender,125.237.154.128
825,Camila,Eudall,ceudallmw@ehow.com,Genderqueer,233.163.170.10
826,Freddie,Margaritelli,fmargaritellimx@engadget.com,Non-binary,33.238.7.117
827,Redd,Rosenzveig,rrosenzveigmy@typepad.com,Genderqueer,22.193.36.88
828,Stevy,Arkow,sarkowmz@angelfire.com,Agender,220.68.141.178
829,Jere,Damerell,jdamerelln0@ebay.com,Genderqueer,68.14.235.162
830,Ahmed,Savin,asavinn1@nymag.com,Genderfluid,58.74.191.18
831,Noel,Robertelli,nrobertellin2@pinterest.com,Male,231.84.180.194
832,Blanch,Arnell,barnelln3@nyu.edu,Bigender,95.57.49.103
833,Octavia,Pickering,opickeringn4@g.co,Genderqueer,85.88.210.92
834,Rosetta,Jopp,rjoppn5@eventbrite.com,Genderfluid,138.235.145.217
835,Barbi,Ginity,bginityn6@nps.gov,Agender,48.21.75.93
836,Andriana,Dikles,adiklesn7@bluehost.com,Female,171.60.241.110
837,Brenda,Dredge,bdredgen8@mapquest.com,Polygender,118.33.159.118
838,Allix,Fairlam,afairlamn9@icio.us,Agender,249.215.151.239
839,Justin,Rallinshaw,jrallinshawna@amazonaws.com,Bigender,60.163.208.116
840,Lynn,Greeno,lgreenonb@goo.gl,Non-binary,137.85.146.142
841,Delainey,Clemmens,dclemmensnc@google.com.br,Female,144.217.178.96
842,Fran,Goor,fgoornd@dailymail.co.uk,Female,137.18.106.168
843,Mallory,Skillett,mskillettne@tumblr.com,Polygender,68.203.30.212
844,Paco,Dring,pdringnf@hugedomains.com,Polygender,190.107.166.174
845,Taylor,Vasichev,tvasichevng@skyrock.com,Genderfluid,234.167.194.158
846,Ichabod,Manolov,imanolovnh@ed.gov,Agender,228.106.213.143
847,Alfredo,Regina,areginani@arizona.edu,Agender,192.43.54.4
848,Bianka,Lorkin,blorkinnj@wufoo.com,Female,208.0.1.119
849,Gilemette,Carnachen,gcarnachennk@slideshare.net,Non-binary,222.188.88.65
850,Brittaney,Elcoux,belcouxnl@smugmug.com,Bigender,19.202.241.190
851,Tamqrah,Penney,tpenneynm@economist.com,Non-binary,128.182.52.30
852,Eileen,Dubery,eduberynn@bing.com,Polygender,164.164.186.161
853,Eldredge,Tuttiett,etuttiettno@dmoz.org,Polygender,215.225.217.102
854,Dorotea,Yoseloff,dyoseloffnp@engadget.com,Genderfluid,41.192.105.16
855,Joyann,De Biasio,jdebiasionq@goodreads.com,Genderqueer,211.147.3.130
856,Karlene,Josuweit,kjosuweitnr@163.com,Genderfluid,216.121.115.19
857,Nananne,Falk,nfalkns@disqus.com,Genderqueer,131.135.237.9
858,Kym,Maunders,kmaundersnt@stanford.edu,Genderfluid,237.160.60.252
859,Tobias,Mc-Kerley,tmckerleynu@github.com,Polygender,178.237.48.2
860,Natale,Butterly,nbutterlynv@japanpost.jp,Female,121.34.128.246
861,Dodie,Byforth,dbyforthnw@yellowbook.com,Polygender,197.2.53.211
862,Lotta,Surgenor,lsurgenornx@nbcnews.com,Agender,35.139.152.216
863,Nick,Hake,nhakeny@dion.ne.jp,Non-binary,176.101.1.17
864,Barde,Bardwall,bbardwallnz@scribd.com,Agender,241.74.162.48
865,Tootsie,O'Suaird,tosuairdo0@1688.com,Genderqueer,2.125.223.209
866,Linnell,Yoell,lyoello1@kickstarter.com,Male,50.147.226.122
867,Xymenes,Ducker,xduckero2@vkontakte.ru,Non-binary,162.54.91.168
868,Aldon,Payze,apayzeo3@hatena.ne.jp,Non-binary,240.218.146.29
869,Archambault,Livingston,alivingstono4@twitter.com,Bigender,194.95.216.29
870,Nelson,Dangl,ndanglo5@cafepress.com,Genderfluid,93.216.210.6
871,Lutero,Kenninghan,lkenninghano6@smh.com.au,Genderfluid,143.236.44.174
872,Christie,Bamlett,cbamletto7@mashable.com,Male,193.145.76.18
873,Neville,Checo,nchecoo8@cmu.edu,Bigender,95.192.64.13
874,Titos,Allsopp,tallsoppo9@123-reg.co.uk,Bigender,81.190.237.113
875,Jandy,Alfonzo,jalfonzooa@github.io,Polygender,42.106.46.94
876,Keene,Speers,kspeersob@ucoz.ru,Female,31.53.190.192
877,Base,Hinkensen,bhinkensenoc@reference.com,Polygender,81.223.205.73
878,Modestine,Relfe,mrelfeod@godaddy.com,Non-binary,187.159.162.203
879,Timmie,Czadla,tczadlaoe@nsw.gov.au,Genderqueer,174.59.162.94
880,Oralle,Haynesford,ohaynesfordof@jugem.jp,Genderfluid,110.98.237.105
881,Devinne,Clemson,dclemsonog@360.cn,Agender,149.46.44.198
882,Maurits,Clemente,mclementeoh@cafepress.com,Non-binary,83.244.54.114
883,Cicely,Filchagin,cfilchaginoi@walmart.com,Genderfluid,41.65.43.11
884,Ring,Claffey,rclaffeyoj@google.com.au,Non-binary,209.13.172.121
885,Opalina,Kits,okitsok@smh.com.au,Female,30.57.9.143
886,Lesley,Buxsey,lbuxseyol@zdnet.com,Female,239.51.84.38
887,Clary,Shaul,cshaulom@thetimes.co.uk,Genderfluid,23.150.218.245
888,Xylina,Selvester,xselvesteron@imdb.com,Female,27.52.80.110
889,Zarah,Gerbi,zgerbioo@dell.com,Agender,29.17.152.67
890,Alma,Bolan,abolanop@hibu.com,Polygender,224.75.122.189
891,Cathlene,Larrie,clarrieoq@pinterest.com,Non-binary,96.131.59.127
892,Minne,Houston,mhoustonor@meetup.com,Male,88.208.235.120
893,Chrissy,Willder,cwillderos@ebay.co.uk,Bigender,223.90.19.173
894,Paul,Gorse,pgorseot@icio.us,Agender,62.201.227.125
895,Godiva,Bannister,gbannisterou@wikipedia.org,Agender,214.81.60.29
896,Thadeus,Ovid,tovidov@netscape.com,Bigender,218.29.78.96
897,Simonette,Grundon,sgrundonow@dailymotion.com,Bigender,21.111.22.70
898,Vittoria,Oglethorpe,voglethorpeox@dagondesign.com,Agender,45.99.92.41
899,Bradney,Machen,bmachenoy@gmpg.org,Female,77.16.224.113
900,Abran,Cornelisse,acornelisseoz@blog.com,Non-binary,170.130.69.172
901,Vladimir,Tuddall,vtuddallp0@blog.com,Genderfluid,253.116.91.206
902,Tyne,Songist,tsongistp1@slate.com,Polygender,230.213.222.230
903,Corey,Tipper,ctipperp2@stanford.edu,Genderqueer,194.217.190.12
904,Cam,Withnall,cwithnallp3@uol.com.br,Non-binary,68.178.186.255
905,Kerry,Duckerin,kduckerinp4@ca.gov,Genderqueer,2.217.189.99
906,Roseann,Hanham,rhanhamp5@disqus.com,Genderfluid,108.122.79.177
907,Early,Brabban,ebrabbanp6@plala.or.jp,Agender,26.2.69.20
908,Corbett,Kearford,ckearfordp7@miibeian.gov.cn,Bigender,239.195.169.86
909,Constantino,Josofovitz,cjosofovitzp8@phoca.cz,Genderqueer,143.86.226.45
910,Skipp,Boyd,sboydp9@goodreads.com,Agender,101.210.58.112
911,Lucille,Squibb,lsquibbpa@163.com,Agender,205.131.172.5
912,Bartholemy,Farey,bfareypb@businessweek.com,Non-binary,23.239.242.76
913,Jerry,Waliszek,jwaliszekpc@yellowpages.com,Polygender,75.158.195.76
914,Drusy,Lieb,dliebpd@theatlantic.com,Genderqueer,95.53.198.115
915,Guntar,Guerrier,gguerrierpe@google.ca,Genderfluid,189.223.215.92
916,Marcile,Emptage,memptagepf@hibu.com,Non-binary,133.38.42.185
917,Abe,Wych,awychpg@ftc.gov,Male,66.153.164.199
918,Hernando,Stambridge,hstambridgeph@soup.io,Non-binary,78.226.8.252
919,Phebe,Curthoys,pcurthoyspi@redcross.org,Bigender,72.36.215.125
920,Nicole,Leathem,nleathempj@google.ru,Female,6.26.43.100
921,Cecilio,Fronczak,cfronczakpk@apache.org,Agender,231.172.145.151
922,Gale,Toffalo,gtoffalopl@guardian.co.uk,Genderqueer,12.95.185.111
923,Gavrielle,McConaghy,gmcconaghypm@cdbaby.com,Genderfluid,67.28.212.78
924,Aloin,Dawe,adawepn@prnewswire.com,Non-binary,249.45.247.136
925,Urban,Berfoot,uberfootpo@rambler.ru,Male,247.209.104.188
926,Darryl,Cullen,dcullenpp@gov.uk,Female,206.113.81.239
927,Florrie,Tofpik,ftofpikpq@yandex.ru,Male,2.17.44.202
928,Denys,Bracken,dbrackenpr@nba.com,Agender,34.228.141.44
929,Benny,Sidebotham,bsidebothamps@themeforest.net,Male,255.135.149.58
930,Rhys,Sumner,rsumnerpt@toplist.cz,Non-binary,174.162.152.3
931,Alyson,Altimas,aaltimaspu@behance.net,Female,100.204.77.10
932,Wilow,Obray,wobraypv@hubpages.com,Polygender,98.36.253.216
933,Bonni,Keitch,bkeitchpw@irs.gov,Genderqueer,150.14.163.161
934,Cece,Dexter,cdexterpx@cocolog-nifty.com,Female,77.104.80.134
935,Merl,Skym,mskympy@woothemes.com,Genderqueer,67.152.90.137
936,Reinhard,Cogar,rcogarpz@phpbb.com,Male,78.134.113.76
937,Chrisse,Ferrucci,cferrucciq0@squidoo.com,Bigender,119.86.90.124
938,Shaylynn,McCosker,smccoskerq1@bandcamp.com,Agender,204.50.78.146
939,Hilarius,Clackson,hclacksonq2@ftc.gov,Agender,153.184.88.250
940,Betty,Pinwill,bpinwillq3@mashable.com,Genderfluid,88.18.1.24
941,Davina,Findley,dfindleyq4@tamu.edu,Male,196.127.144.172
942,Vivyanne,Ingledew,vingledewq5@google.es,Non-binary,239.59.67.136
943,Weylin,Romera,wromeraq6@seesaa.net,Female,72.44.83.113
944,Any,Martellini,amartelliniq7@friendfeed.com,Genderqueer,42.140.202.112
945,Anthiathia,Thom,athomq8@umich.edu,Polygender,184.162.132.5
946,Ennis,Banck,ebanckq9@tmall.com,Polygender,37.149.197.111
947,Northrup,Micah,nmicahqa@multiply.com,Polygender,166.116.107.202
948,Brendon,Spedding,bspeddingqb@indiatimes.com,Polygender,142.50.14.236
949,Gelya,Furmenger,gfurmengerqc@dedecms.com,Polygender,187.74.66.234
950,Hilda,Losemann,hlosemannqd@elegantthemes.com,Genderqueer,204.30.51.74
951,Clay,Purcell,cpurcellqe@purevolume.com,Genderqueer,17.43.96.199
952,Bryn,Ciciotti,bciciottiqf@canalblog.com,Female,57.113.45.119
953,Pippo,Formilli,pformilliqg@comsenz.com,Non-binary,202.30.154.237
954,Dollie,Rowat,drowatqh@walmart.com,Non-binary,110.181.140.20
955,Maurizia,Mattheissen,mmattheissenqi@booking.com,Female,104.137.99.159
956,Amanda,Boddy,aboddyqj@facebook.com,Agender,18.78.0.176
957,Cheryl,Cappel,ccappelqk@cdc.gov,Genderqueer,150.188.225.61
958,Netty,Billiard,nbilliardql@jigsy.com,Genderqueer,148.211.149.11
959,Ida,Sayle,isayleqm@disqus.com,Agender,93.17.250.47
960,Symon,Kearney,skearneyqn@bloglovin.com,Bigender,116.15.75.191
961,Dina,Gritsunov,dgritsunovqo@independent.co.uk,Male,125.233.85.225
962,Shannan,Tolotti,stolottiqp@people.com.cn,Polygender,176.65.21.9
963,Briney,Wedgwood,bwedgwoodqq@shareasale.com,Female,126.157.116.245
964,Giordano,Sorey,gsoreyqr@constantcontact.com,Bigender,155.151.192.96
965,Ber,Yakushkev,byakushkevqs@wired.com,Polygender,155.125.111.101
966,Ginelle,Schwier,gschwierqt@wiley.com,Female,83.29.159.29
967,Burg,Merlin,bmerlinqu@yahoo.com,Polygender,152.252.73.136
968,Hugo,Bowlesworth,hbowlesworthqv@i2i.jp,Non-binary,215.38.23.197
969,Zola,Durban,zdurbanqw@si.edu,Female,55.52.220.92
970,Gabby,McCourt,gmccourtqx@google.co.uk,Genderfluid,104.111.182.189
971,Rod,Goulbourn,rgoulbournqy@time.com,Genderqueer,157.4.179.91
972,Corrie,Upstone,cupstoneqz@apple.com,Agender,145.107.99.223
973,Leela,Foulger,lfoulgerr0@taobao.com,Genderqueer,65.78.133.4
974,Livvyy,Hixley,lhixleyr1@issuu.com,Genderqueer,144.132.80.145
975,Lawry,Terrans,lterransr2@ezinearticles.com,Bigender,14.190.237.16
976,Elena,Schottli,eschottlir3@latimes.com,Genderqueer,165.211.251.180
977,Hughie,Boothman,hboothmanr4@ycombinator.com,Female,255.113.1.170
978,Tersina,Swift,tswiftr5@boston.com,Bigender,41.54.250.155
979,Bobbette,Lyburn,blyburnr6@flickr.com,Polygender,174.11.162.215
980,Nickolai,Gainsbury,ngainsburyr7@mapy.cz,Polygender,248.16.221.201
981,Liza,Mattiacci,lmattiaccir8@skyrock.com,Bigender,149.129.191.254
982,Jermaine,Danskine,jdanskiner9@smh.com.au,Genderfluid,179.162.252.32
983,Brandi,Kirk,bkirkra@webeden.co.uk,Female,174.208.118.190
984,Dreddy,Splaven,dsplavenrb@buzzfeed.com,Female,115.15.145.225
985,Lucita,MacKellar,lmackellarrc@sitemeter.com,Female,223.127.217.68
986,Christiano,O' Borne,cobornerd@bloomberg.com,Bigender,204.97.68.67
987,Melanie,Nellen,mnellenre@diigo.com,Genderqueer,128.252.3.227
988,Michaelina,McGaw,mmcgawrf@blinklist.com,Male,1.23.31.34
989,Fleming,Colman,fcolmanrg@elegantthemes.com,Non-binary,17.105.70.45
990,Patrizius,Juhruke,pjuhrukerh@feedburner.com,Male,133.83.8.74
991,Dominga,Rodwell,drodwellri@aboutads.info,Polygender,253.167.239.40
992,Renie,Iseton,risetonrj@mail.ru,Agender,253.214.178.22
993,Corbett,Milborn,cmilbornrk@posterous.com,Agender,183.223.111.236
994,Pauly,Caen,pcaenrl@arstechnica.com,Agender,66.236.112.101
995,Una,Robillart,urobillartrm@homestead.com,Male,189.73.79.122
996,Dulcy,Read,dreadrn@macromedia.com,Agender,210.192.142.197
997,Calli,Vearnals,cvearnalsro@reference.com,Genderfluid,68.227.135.229
998,Consuela,Apedaile,capedailerp@paginegialle.it,Bigender,55.110.220.202
999,Perren,Kiley,pkileyrq@jalbum.net,Non-binary,54.153.230.232
1000,Andie,Andri,aandrirr@washington.edu,Non-binary,30.237.181.219
